Naam opleiding;Type;Variant;Doelgroep;Financiering;Sleuteltechnologieën;Sleuteltechnologiecategorie (0–3);Mate van technologie (0–3);Toelichting;;;
AI in de praktijk (basis);Cursus;Deeltijd;Extern;Betaald;AI;2;3;"AI staat centraal; deelnemers leren AI-tools begrijpen en toepassen in praktijksituaties.";;;
Beelden genereren met AI;Cursus;Deeltijd;Extern;Betaald;AI;2;3;Generatieve AI-tools (zoals DALL·E, Midjourney) zijn kernonderwerp van deze cursus.;;;
Introductie in Data Science;Cursus;Deeltijd;Extern;Betaald;Data Sciences;1;3;Behandelt dataverwerking, modellen en analyse als hoofdonderwerp van de cursus.;;;
Programmeren in Python;Cursus;Deeltijd;Extern;Betaald;Data Sciences;1;2;"Python-programmering vormt basisvaardigheid voor data science; wordt toegepast.";;;
Minor Data Driven Decision Making;Minor;Voltijd;Extern;Regulier;Data Sciences;1;3;Focus ligt op het nemen van beslissingen op basis van data-analyse en BI.;;;
AI en Maatschappij;Minor;Voltijd;Extern;Regulier;AI;2;3;"Kritische reflectie op AI-gebruik in de samenleving; ethische component aanwezig.";;;
Data Science Lab;Module;Deeltijd;Extern;Betaald;Data Sciences;1;3;Projectmatige toepassing van data science methoden en tools.;;;
Machine Learning Basics;Cursus;Deeltijd;Extern;Betaald;AI;2;3;Behandelt fundamentele algoritmen zoals regressie en classificatie.;;;
Data Analytics in Power BI;Cursus;Deeltijd;Extern;Betaald;Geen;0;1;Hoewel data-tools worden gebruikt, is het doel visualisatie en dashboarding.;;;
ChatGPT voor Professionals;Cursus;Deeltijd;Extern;Betaald;AI;2;2;"AI wordt besproken en toegepast in communicatiecontexten; niet fundamenteel analytisch.";;;
Data Storytelling;Cursus;Deeltijd;Extern;Betaald;Data Sciences;1;2;Cursus over het communiceren van inzichten uit data-analyses met impactvolle verhalen.;;;
Associate degree Engineering;Associate Degree;Voltijd;Extern;Regulier;Data Sciences;1;2;Onderdeel van het curriculum bevat dataverzameling, modellering en simulatie.;;;
Associate degree Embedded Systems Engineering;Associate Degree;Voltijd;Extern;Regulier;Data Sciences en AI;3;3;Gecombineerde inzet van sensors, datastromen, algoritmes en embedded AI.;;;
Associate degree Gebouwgebonden Installatietechniek;Associate Degree;Voltijd;Extern;Regulier;Geen;0;1;Toepassing van softwaretools in installatietechniek, maar geen expliciete DS of AI.;;;
Associate degree Health & Social Work;Associate Degree;Voltijd;Extern;Regulier;Geen;0;1;Zorgsystemen worden gebruikt, maar technologie is niet geïntegreerd in de leerdoelen.;;;
Associate degree Human Technology;Associate Degree;Voltijd;Extern;Regulier;Data Sciences;1;2;Interactie tussen mens en technologie, inclusief data-analyse voor gebruikerservaring.;;;
Associate degree Logistiek;Associate Degree;Voltijd;Extern;Regulier;Geen;0;1;"Gebruik van planningssoftware en logistieke informatiesystemen; technologie impliciet aanwezig.";;;
Associate degree Management;Associate Degree;Voltijd;Extern;Regulier;Geen;0;1;Dashboarding en procesoptimalisatie mogelijk, maar technologie is niet het onderwijsdoel.;;;
Associate degree Management in de Zorg;Associate Degree;Voltijd;Extern;Regulier;Geen;0;1;Digitale zorgsystemen aanwezig, zonder expliciete AI- of datastructuren in curriculum.;;;
Associate degree Ondernemen;Associate Degree;Voltijd;Extern;Regulier;Geen;0;1;Gebruik van data-ondersteunende tools (zoals BI) waarschijnlijk, maar niet als leerdoel.;;;
Associate degree Pedagogisch Educatief Professional;Associate Degree;Voltijd;Extern;Regulier;Geen;0;0;Pedagogisch gericht programma, zonder technologische component.;;;
Associate degree Social Work;Associate Degree;Voltijd;Extern;Regulier;Geen;0;0;Sociaal domein zonder datagebruik of AI-integratie.;;;
Adviseur Leertechnologie;Module;Deeltijd;Extern;Betaald;AI;2;2;Cursus behandelt technologische leermiddelen met AI-component zoals adaptieve systemen.;;;
Afasie;Post-hbo;Deeltijd;Extern;Betaald;Geen;0;0;Therapeutische aanpak bij spraakstoornissen, geen verweving van DS of AI.;;;
Afrondende Opdrachten Kostendeskundige Infra;Module;Deeltijd;Extern;Betaald;Geen;0;1;Gebruik van calculatiesoftware is impliciet aanwezig, geen leerdoel op DS of AI.;;;
Agile Scrum;Module;Deeltijd;Extern;Betaald;Geen;0;1;Scrumtools impliciet aanwezig (bijv. Jira), maar technologie is geen doel op zich.;;;
Asfaltwegenbouwlaborant 1 - Asfaltproductie;Cursus;Deeltijd;Extern;Betaald;Geen;0;1;Meetapparatuur aanwezig, data-gebruik beperkt en ondersteunend.;;;
Asfaltwegenbouwlaborant 2 - Asfaltverwerking;Cursus;Deeltijd;Extern;Betaald;Geen;0;1;Technologische ondersteuning bij verwerking, maar geen expliciete DS of AI.;;;
Gebouwgebonden Installatietechniek;Associate Degree;Deeltijd;Extern;Regulier;Geen;0;1;Sensoren en installatiebeheer komen aan bod, zonder datagedreven of AI-focus.;;;
Accountancy (duaal);Associate Degree;Duaal;Extern;Regulier;Geen;0;1;Gebruik van Excel of Power BI is impliciet aanwezig, maar geen technologieonderwerp.;;;
Accountancy (deeltijd);Associate Degree;Deeltijd;Extern;Regulier;Geen;0;1;"Vergelijkbaar met duaal; inzet van software en dashboards zonder expliciet DS/AI.";;;
Logistiek;Associate Degree;Deeltijd;Extern;Regulier;Geen;0;1;"Logistieke planningssoftware aanwezig; technologie niet als leerdoel benoemd.";;;
Management in de Zorg;Associate Degree;Deeltijd;Extern;Regulier;Geen;0;1;Zorgsystemen worden gebruikt, maar DS of AI is geen structureel onderdeel.;;;
Sociaal Werk (Duaal);Associate Degree;Duaal;Extern;Regulier;Geen;0;0;Opleiding gericht op praktijkgericht sociaal werk zonder expliciete inzet van data sciences of AI.;;;
Sociaal Werk (Deeltijd);Associate Degree;Deeltijd;Extern;Regulier;Geen;0;0;"Focus op het sociale domein met nadruk op praktijktoepassing; geen technologiecomponent aanwezig.";;;
Sport - Buurtsportcoach;Associate Degree;Deeltijd;Extern;Regulier;Geen;0;0;"Opleiding gericht op sport en bewegen in de wijk; geen inzet van data sciences of AI.";;;
Sport - Sportondernemer;Associate Degree;Deeltijd;Extern;Regulier;Geen;0;0;"Focus op ondernemerschap binnen de sportsector; geen expliciete technologiecomponent.";;;
Auto Elektronica;Cursus;Deeltijd;Extern;Betaald;Data Sciences;1;2;"Behandelt moderne auto-elektronicasystemen en componenten; inzet van data-analyse in de context van voertuigelektronica.";;;
Automotive (Voltijd);Bachelor;Voltijd;Extern;Regulier;Data Sciences en AI;3;3;"Opleiding richt zich op schonere en slimme toepassingen in voertuigen; inzet van data-analyse en AI in testprojecten.";;;
Automotive (AD Deeltijd);Associate Degree;Deeltijd;Extern;Regulier;Data Sciences;1;2;"Opleiding speelt in op toename van elektronica in auto's; inzet van data-analyse voor klantgerichte oplossingen.";;;
Automotive (Engelstalig);Bachelor;Voltijd;Extern;Regulier;Data Sciences en AI;3;3;"Internationale opleiding met focus op alle facetten van de voertuigenbranche; inzet van data-analyse en AI in diverse projecten.";;;
Automotive (Deeltijd);Bachelor;Deeltijd;Extern;Regulier;Data Sciences en AI;3;3;"Deeltijdopleiding met modules zoals Intelligent Vehicles; inzet van data-analyse en AI in het curriculum.";;;
Auto Elektronica (basis);Cursus;Deeltijd;Extern;Betaald;Data Sciences;1;2;"Behandelt grondbeginselen van auto-elektronica; inzet van data-analyse in de context van voertuigelektronica.";;;
Basiskennis Chemie;Cursus;Deeltijd;Extern;Betaald;Geen;0;0;"E-learningcursus gericht op opfrissen en verdiepen van basiskennis chemie; geen technologiecomponent aanwezig.";;;
Basiskennis Kostenramingen Infra;Module;Deeltijd;Extern;Betaald;Geen;0;1;Digitale tools mogelijk gebruikt bij ramingen, maar geen expliciete focus op DS of AI.;;;
Basiskwalificatie Examinering (BKE);Cursus;Deeltijd;Intern;Betaald;Geen;0;1;"Toetscyclus voor examinatoren; geen expliciete inzet van sleuteltechnologieën.";;;
Basispracticum Laboratoriumvaardigheden;Cursus;Deeltijd;Extern;Betaald;Geen;0;1;Praktijkgericht vaardigheidsonderwijs, geen technologieverweving als leerdoel.;;;
Bedrijfskunde - Sustainable International Business;Associate Degree;Voltijd;Extern;Regulier;Geen;0;1;"Internationale oriëntatie en duurzaamheid; technologie slechts ondersteunend.";;;
Bedrijfskunde (Deeltijd);Bachelor;Deeltijd;Extern;Regulier;Geen;0;1;"Bedrijfsprocessen centraal; tools mogelijk, maar geen expliciete technologie.";;;
Bedrijfskunde (Duaal);Bachelor;Duaal;Extern;Regulier;Geen;0;1;"Werken en leren in praktijksetting; digitale tools impliciet, niet als leerdoel.";;;
Bedrijfskundig HRM;Module;Deeltijd;Extern;Betaald;Geen;0;1;"HRM met bedrijfskundige verdieping; technologie is geen kernthema.";;;
Beelden genereren met AI;Cursus;Deeltijd;Extern;Betaald;AI;3;2;Cursus draait om generatieve AI-tools en toepassingen, AI is hoofdonderwerp.;;;
Vaktherapie - Beeldende therapie;Bachelor;Voltijd;Extern;Regulier;Geen;0;1;"Therapeutisch gebruik van beeldende middelen; geen AI/DS-component.";;;
Beveiliging van Hoog- en Middenspanningsnetten;Cursus;Deeltijd;Extern;Betaald;Geen;0;1;"Beveiligingstechniek met elektrotechnische focus; DS/AI niet aanwezig.";;;
Bevorderen van zelfregulatie;Cursus;Deeltijd;Extern;Betaald;Geen;0;1;"Educatief gedragsondersteunend programma; technologie niet centraal.";;;
Bewegen in de Openbare Ruimte;Cursus;Deeltijd;Extern;Betaald;Geen;0;0;De cursus richt zich op het vergroten van de leefbaarheid in wijken door middel van beweging in de openbare ruimte. Er is geen expliciete integratie van sleuteltechnologieën zoals AI of Data Sciences. (Hanzehogeschool, Hanzehogeschool);;;
Bewegen kun je leren: Houvast voor de Docent Bewegingsonderwijs;Cursus;Deeltijd;Extern;Betaald;Geen;0;0;Deze cursus biedt vakleerkrachten bewegingsonderwijs handvatten voor onderbouwde programma's om kinderen uit te dagen tot goed leren bewegen. Er is geen vermelding van technologie-integratie.;;;
Bio-informatica;Bachelor;Voltijd;Extern;Regulier;Data Sciences en AI;3;3;De opleiding combineert biologie en informatica, waarbij studenten leren hoe ze biologische data kunnen analyseren en interpreteren met behulp van programmeertalen zoals Python en Java. (Hanzehogeschool);;;
Bloedglucoseregulatie door middel van Insulinepomptherapie en Continue Glucosemetingen;Post-hbo;Deeltijd;Extern;Betaald;Geen;0;1;De cursus behandelt de nieuwste inzichten en ontwikkelingen op het gebied van bloedglucoseregulatie, met aandacht voor insulinepomptherapie en continue glucosemetingen. Er is beperkte technologie-integratie. (Hanzehogeschool);;;
Bouwkunde;Bachelor;Voltijd;Extern;Regulier;Geen;0;1;De opleiding richt zich op duurzaam ontwerpen, bouwen en renoveren van gebouwen. Hoewel er aandacht is voor duurzaamheid, is er geen expliciete integratie van sleuteltechnologieën zoals AI of Data Sciences.;;;
Bouwtechnisch Medewerker;Associate Degree;Deeltijd;Extern;Regulier;Geen;0;1;Deze opleiding biedt kennis en vaardigheden die nodig zijn om bouwprojecten in verschillende fases te managen. Er is beperkte technologie-integratie.;;;
Burgerschap in het Mbo;Cursus;Deeltijd;Extern;Betaald;Geen;0;0;De cursus is bedoeld voor docenten burgerschap op het mbo die hun kennis en kunde willen verdiepen. Er is geen vermelding van technologie-integratie.;;;
Business Controlling;Module;Deeltijd;Extern;Betaald;Data Sciences;1;2;De module richt zich op het verdiepen van kennis van administratieve processen en informatievoorziening, met aandacht voor data-analyse.;;;
COPD voor Diëtisten;Post-hbo;Deeltijd;Extern;Betaald;Geen;0;0;De cursus biedt diëtisten kennis en vaardigheden om patiënten met COPD optimaal te begeleiden. Er is geen vermelding van technologie-integratie.;;;
Cursus Engels: Cambridge Examentraining;Cursus;Deeltijd;Extern;Betaald;Geen;0;0;De cursus bereidt deelnemers voor op het Cambridge-examen Engels. Er is geen vermelding van technologie-integratie.;;;
Casemanagement;Post-hbo;Deeltijd;Extern;Betaald;Geen;0;0;De opleiding richt zich op het verbeteren van de integrale bijdrage aan complexe hulpverlening. Er is geen expliciete integratie van sleuteltechnologieën zoals AI of Data Sciences.;;;
Circular Economy (studietaal Engels);Master;Voltijd;Extern;Regulier;Data Sciences;1;2;De opleiding helpt internationale bedrijven bij de overgang naar duurzame bedrijfspraktijken, met aandacht voor het creëren van businessmodellen gebaseerd op meervoudige waardecreatie en het uitvoeren van praktijkgericht onderzoek.;;;
Coach Motiverende Gespreksvoering;Post-hbo;Deeltijd;Extern;Betaald;Geen;0;0;De opleiding richt zich op het aanleren van motiverende gespreksvoeringstechnieken om gedragsverandering te stimuleren. Er is geen vermelding van technologie-integratie.;;;
Coachen op kwaliteit in het onderwijs;Cursus;Deeltijd;Extern;Betaald;Geen;0;0;De cursus legt de nadruk op de kwaliteiten van de coachees en hoe deze kunnen worden ingezet tijdens lessen en begeleidingsgesprekken. Er is geen vermelding van technologie-integratie.;;;
Cognitieve Communicatiestoornissen en Afasie;Post-hbo;Deeltijd;Extern;Betaald;Geen;0;0;De cursus behandelt diagnostiek en behandeling van mensen met complexe verworven communicatieproblematiek, met nadruk op reflectie en kritisch handelen. Er is geen vermelding van technologie-integratie.;;;
Commerciële Economie - Innovation;Bachelor;Voltijd;Extern;Regulier;Data Sciences;1;2;De opleiding richt zich op het ontwikkelen van innovatieve producten, diensten en verdienmodellen, met aandacht voor data-analyse en het inspelen op markttrends.;;;
Commerciële Economie;Bachelor;Voltijd;Extern;Regulier;Geen;0;1;De opleiding behandelt marketing en sales, met aandacht voor het ontwikkelen van commerciële vaardigheden. Er is beperkte technologie-integratie.;;;
Commerciële Economie;Bachelor;Deeltijd;Extern;Regulier;Geen;0;1;De deeltijdopleiding biedt flexibiliteit voor werkenden en richt zich op marketing en sales. Er is beperkte technologie-integratie.;;;
Commerciële Economie duaal;Bachelor;Duaal;Extern;Regulier;Geen;0;1;De duale opleiding combineert werken en leren in het veld van marketing en sales. Er is beperkte technologie-integratie.;;;
Communication & Multimedia Design;Bachelor;Deeltijd;Extern;Regulier;Data Sciences;1;2;De opleiding richt zich op het ontwerpen van interactieve digitale toepassingen, met aandacht voor user-centered design en het gebruik van prototyping.;;;
Communication & Multimedia Design;Bachelor;Voltijd;Extern;Regulier;Data Sciences;1;2;De voltijdopleiding behandelt het ontwerpen en ontwikkelen van interactieve media-ervaringen, met nadruk op gebruikersbehoeften en -voorkeuren.;;;
Communication (studietaal Engels);Bachelor;Voltijd;Extern;Regulier;Geen;0;0;De opleiding richt zich op internationale communicatie, marketing en public relations. Er is geen expliciete integratie van sleuteltechnologieën zoals AI of Data Sciences.;;;
Communiceren via E-mail;Cursus;Deeltijd;Extern;Betaald;Geen;0;0;De cursus richt zich op het verbeteren van e-mailcommunicatievaardigheden. Er is geen vermelding van technologie-integratie.;;;
Contentcreatie en Copywriting;Cursus;Deeltijd;Extern;Betaald;AI;2;2;De cursus behandelt het schrijven van krachtige teksten en het effectief inzetten van AI-tools zoals ChatGPT.;;;
Contentmarketing en contentcreatie;Cursus;Deeltijd;Extern;Betaald;Data Sciences en AI;3;2;De cursus biedt handvatten voor het uitvoeren van een contentstrategie en behandelt het gebruik van AI in contentcreatie.;;;
Contentmarketing en Contentstrategie;HBO-programma;Deeltijd;Extern;Betaald;Data Sciences en AI;3;2;Het programma bestaat uit cursussen die theorie en praktijk combineren in contentstrategie en -creatie, met aandacht voor AI-toepassingen.;;;
Controlling;Post-hbo;Deeltijd;Extern;Betaald;Data Sciences;1;2;De opleiding biedt verdieping in finance en control, met aandacht voor data-analyse en strategisch denken.;;;
Coördinator Onderzoekend en Ontwerpend Leren;Post-hbo;Deeltijd;Extern;Betaald;Geen;0;0;De opleiding richt zich op het ontwikkelen van vaardigheden voor eigentijds leren zonder expliciete technologie-integratie.;;;
Maximale Ontwikkelkansen voor Sportief Talent;Post-hbo;Deeltijd;Extern;Betaald;Geen;0;0;De cursus is gericht op sportprofessionals en behandelt talentontwikkeling zonder nadruk op technologie.;;;
AI in de praktijk (basis);Cursus;Deeltijd;Extern;Betaald;Data Sciences en AI;3;3;De cursus biedt een introductie in AI en Data Science, inclusief ethische en zakelijke aspecten.;;;
Arbeidsrecht;Cursus;Deeltijd;Extern;Betaald;Geen;0;0;De cursus behandelt arbeidsrechtelijke vraagstukken zonder technologie-integratie.;;;
Basis in de Bio-Informatica;Cursus;Deeltijd;Extern;Betaald;Data Sciences;1;2;De cursus biedt een introductie in bio-informatica, inclusief het gebruik van programmeertalen en data-analyse tools.;;;
Beeldcoaching;Cursus;Deeltijd;Extern;Betaald;Geen;0;0;De cursus richt zich op het begeleiden van leraren met behulp van video-opnames. Er is geen expliciete integratie van sleuteltechnologieën zoals AI of Data Sciences.;;;
Bloedbankkunde;Cursus;Deeltijd;Extern;Betaald;Data Sciences;1;2;De cursus behandelt aspecten van bloedbankkunde, waaronder het verkrijgen en bewerken van bloed en bloedproducten, met aandacht voor data-analyse in laboratoriumprocessen.;;;
Cervixcytologie;Cursus;Deeltijd;Extern;Betaald;Data Sciences;1;2;De cursus biedt training in het screenen op baarmoederhalskanker, waarbij data-analyse een rol speelt in de interpretatie van cytologische gegevens.;;;
Contentstrategie;Cursus;Deeltijd;Extern;Betaald;Data Sciences en AI;3;2;De cursus leert deelnemers hoe ze een effectieve contentstrategie kunnen ontwikkelen, met aandacht voor het gebruik van AI-tools en data-analyse om contentprestaties te optimaliseren.;;;
Design of Experiments (DoE) (basis);Cursus;Deeltijd;Extern;Betaald;Data Sciences;1;2;De cursus biedt een eerste kennismaking met de DoE-methodiek, waarbij statistische technieken worden gebruikt voor het ontwerpen en analyseren van experimenten.;;;
Digitale coaching;Cursus;Deeltijd;Extern;Betaald;AI;2;1;De cursus richt zich op het coachen van cliënten via digitale middelen zoals e-mail en WhatsApp, met impliciet gebruik van AI-technologieën voor communicatie.;;;
Gedragsverandering;Cursus;Deeltijd;Extern;Betaald;Geen;0;0;De cursus biedt inzicht in gedragsverandering binnen organisaties, zonder expliciete integratie van sleuteltechnologieën zoals AI of Data Sciences.;;;
Google Ads (basis);Cursus;Deeltijd;Extern;Betaald;Data Sciences en AI;3;2;De cursus leert deelnemers hoe ze effectieve Google Ads-campagnes kunnen opzetten en optimaliseren, met gebruik van data-analyse en AI-tools.;;;
Google Ads (gevorderd);Cursus;Deeltijd;Extern;Betaald;Data Sciences en AI;3;2;De gevorderde cursus verdiept de kennis van Google Ads, met nadruk op het analyseren en optimaliseren van campagnes met behulp van data-analyse en AI-technieken.;;;
Google Analytics (basis);Cursus;Deeltijd;Extern;Betaald;Data Sciences;1;2;De cursus biedt inzicht in het gebruik van Google Analytics (GA4) voor het verzamelen en analyseren van websitegegevens, met nadruk op data-analyse.;;;
ISAK level 2 – Meten van lichaamssamenstelling;Cursus;Deeltijd;Extern;Betaald;Data Sciences;1;2;De cursus leert deelnemers gestandaardiseerde metingen van lichaamssamenstelling uit te voeren, met gebruik van data-analyse voor monitoring en evaluatie.;;;
Molecular & Cell Biology;Cursus;Deeltijd;Extern;Betaald;Data Sciences;1;2;De cursus behandelt moleculaire biologie, celbiologie, biochemie en bio-informatica, met nadruk op data-analyse in de life sciences.;;;
Motiverende Gespreksvoering voor Buurtsportcoaches;Cursus;Deeltijd;Extern;Betaald;Geen;0;0;De cursus richt zich op het begeleiden van gedragsverandering bij cliënten, zonder expliciete integratie van sleuteltechnologieën zoals AI of Data Sciences.;;;
Omgevingsrecht (basis);Cursus;Deeltijd;Extern;Betaald;Geen;0;0;De cursus biedt juridische handvatten voor professionals die werken binnen het omgevingsrecht, zonder technologie-integratie.;;;
Persoonlijk Leiderschap in de Zorg;Cursus;Deeltijd;Extern;Betaald;Geen;0;0;De cursus richt zich op het ontwikkelen van persoonlijk leiderschap binnen de zorgsector, zonder nadruk op technologie.;;;
Programmeren in Python;Cursus;Deeltijd;Extern;Betaald;Data Sciences;1;3;De cursus biedt een praktijkgerichte introductie in programmeren met Python, gericht op data-analyse en scripting.;;;
Projectmanagementondersteuning;Cursus;Deeltijd;Extern;Betaald;Geen;0;0;De cursus behandelt projectmanagementmethoden en -vaardigheden, zonder expliciete technologie-integratie.;;;
Psychisch Verzuim Voorkomen;Cursus;Deeltijd;Extern;Betaald;Geen;0;0;De cursus biedt tools voor HR- en arboprofessionals om psychisch verzuim te voorkomen, zonder nadruk op technologie.;;;
Recht in het Sociaal Domein (basis);Cursus;Deeltijd;Extern;Betaald;Geen;0;0;De cursus biedt juridische basiskennis voor professionals in het sociaal domein, zonder technologie-integratie.;;;
Social Media (basis);Cursus;Deeltijd;Extern;Betaald;Data Sciences en AI;3;2;De cursus leert deelnemers hoe ze social media effectief kunnen inzetten, met aandacht voor het gebruik van AI-tools en data-analyse.;;;
Strength & Conditioning;Cursus;Deeltijd;Extern;Betaald;Data Sciences;1;2;De cursus richt zich op het optimaliseren van sportprestaties, met gebruik van data-analyse en evidence-based methoden.;;;
Werkwoordspelling;Cursus;Deeltijd;Extern;Betaald;Geen;0;0;De cursus biedt een opfrissing van de regels rondom werkwoordspelling, zonder technologie-integratie.;;;
Zakelijk Engels;Cursus;Deeltijd;Extern;Betaald;Geen;0;0;De cursus richt zich op het verbeteren van zakelijke communicatievaardigheden in het Engels, zonder expliciete integratie van sleuteltechnologieën zoals AI of Data Sciences.;;;
Zoekmachine Optimalisatie (SEO) (basis);Cursus;Deeltijd;Extern;Betaald;Data Sciences en AI;3;2;De cursus behandelt SEO-technieken en het gebruik van AI-tools om de vindbaarheid van websites te verbeteren.;;;
Zoekmachine Optimalisatie (gevorderden);Cursus;Deeltijd;Extern;Betaald;Data Sciences en AI;3;2;Deze gevorderde cursus verdiept de kennis van SEO, met nadruk op het analyseren en optimaliseren van content met behulp van data-analyse en AI-technieken.;;;
Begeleiden en Beoordelen van Onderzoek in de School;Cursus;Deeltijd;Extern;Betaald;Geen;0;0;De cursus is bedoeld voor leraren en lerarenopleiders die een rol willen vervullen bij het begeleiden van onderzoek, zonder expliciete technologie-integratie.;;;
Koppelkansen bij duurzame gebiedsontwikkeling;Cursus;Deeltijd;Extern;Betaald;Geen;0;0;De cursus richt zich op het identificeren van koppelkansen in duurzame gebiedsontwikkeling, zonder nadruk op technologie.;;;
Sturen op strategie en duurzaamheid;Cursus;Deeltijd;Extern;Betaald;Geen;0;0;De cursus behandelt het opstellen van integrale strategieën voor duurzaamheid, zonder expliciete integratie van sleuteltechnologieën.;;;
Ouderenzorg in de Huisartsenpraktijk;HBO-programma;Deeltijd;Extern;Betaald;Geen;0;0;De module biedt verdieping in het verlenen van hoogcomplexe eerstelijnszorg voor ouderen, zonder technologie-integratie.;;;
Medewerker Acute Pijn Service (APS);Post-hbo;Deeltijd;Extern;Betaald;Geen;0;0;De cursus richt zich op het ondersteunen bij acute pijnbehandeling, zonder expliciete technologie-integratie.;;;
Assistent Pijnbehandeling;Post-hbo;Deeltijd;Extern;Betaald;Geen;0;0;De cursus biedt kennis over pijn en pijnbehandeling, met focus op communicatie en patiëntenzorg, zonder nadruk op technologie.;;;
IBD-Verpleegkundige;Post-hbo;Deeltijd;Extern;Betaald;Geen;0;0;De cursus biedt verdieping in de zorg voor patiënten met inflammatoire darmziekten, zonder expliciete technologie-integratie.;;;
Logistiek Medewerker OKC;Cursus;Deeltijd;Extern;Betaald;Geen;0;0;De cursus richt zich op logistieke ondersteuning in het operatiekamercomplex, zonder nadruk op technologie.;;;
Onboarding voor Startende Wijkverpleegkundigen;Post-hbo;Deeltijd;Extern;Betaald;Geen;0;0;Deze opleiding biedt begeleiding aan startende wijkverpleegkundigen bij de overgang naar de praktijk, met modules zoals Vakbekwaam Indiceren. Er is geen expliciete integratie van sleuteltechnologieën zoals AI of Data Sciences.;;;
Samenwerken met informele zorg;Post-hbo;Deeltijd;Extern;Betaald;Geen;0;0;De cursus richt zich op het verbeteren van de samenwerking tussen formele en informele zorgverleners, zonder nadruk op technologie.;;;
Technische Zorg Rondom Parenterale en Enterale Katheters;Cursus;Deeltijd;Extern;Betaald;Geen;0;0;De cursus behandelt verpleegtechnische handelingen rondom (par)enterale katheters, zonder expliciete technologie-integratie.;;;
Vakbekwaam Indiceren;Post-hbo;Deeltijd;Extern;Betaald;Geen;0;0;De cursus biedt wijkverpleegkundigen handvatten om indicaties op een verantwoorde manier te stellen, zonder nadruk op technologie.;;;
Zorgconsulent Palliatieve Zorg;Post-hbo;Deeltijd;Extern;Betaald;Geen;0;0;De cursus biedt verdieping in palliatieve zorg, met aandacht voor actuele ontwikkelingen, zonder expliciete technologie-integratie.;;;
Palliatieve Zorg voor Ervaren Verpleegkundigen;Post-hbo;Deeltijd;Extern;Betaald;Geen;0;0;De cursus richt zich op het optimaliseren van zorg in de laatste levensfase, zonder nadruk op technologie.;;;
Arboverpleegkundige;Post-hbo;Deeltijd;Extern;Betaald;Geen;0;0;De opleiding leidt op tot arboverpleegkundige, met focus op arbeid en gezondheid, zonder expliciete technologie-integratie.;;;
Verpleegkundige Gerontologie en Geriatrie;Post-hbo;Deeltijd;Extern;Betaald;Geen;0;0;De opleiding biedt verdieping in de zorg voor ouderen, zonder nadruk op technologie.;;;
Maag Darm Lever-verpleegkundige (MDL);Post-hbo;Deeltijd;Extern;Betaald;Geen;0;0;De opleiding richt zich op zorg voor patiënten met maag-, darm- en leveraandoeningen, zonder expliciete technologie-integratie.;;;
Pijnconsulent;Post-hbo;Deeltijd;Extern;Betaald;Geen;0;0;De opleiding biedt kennis over pijn en pijnbehandeling, met focus op communicatie en patiëntenzorg, zonder nadruk op technologie.;;;
Praktijkondersteuner (POH);HBO-programma;Deeltijd;Extern;Betaald;Geen;0;0;De opleiding bereidt voor op de functie van praktijkondersteuner in de huisartsenpraktijk, zonder expliciete technologie-integratie.;;;
Leraar Duits;Bachelor;Voltijd;Extern;Regulier;Geen;0;0;De opleiding richt zich op het verwerven van vakdidactische en pedagogische vaardigheden voor het lesgeven in de Duitse taal. Er is geen expliciete integratie van sleuteltechnologieën zoals AI of Data Sciences.;;;
Leraar Engels;Master;Duaal;Extern;Regulier;Geen;0;0;Deze masteropleiding combineert werken en leren, gericht op het behalen van een eerstegraads lesbevoegdheid in het vak Engels. Er is geen expliciete integratie van sleuteltechnologieën zoals AI of Data Sciences.;;;
Leraar Frans;Bachelor;Deeltijd;Extern;Regulier;Geen;0;0;De deeltijdopleiding richt zich op het verwerven van vakdidactische en pedagogische vaardigheden voor het lesgeven in de Franse taal. Er is geen expliciete integratie van sleuteltechnologieën zoals AI of Data Sciences.;;;
Leraar Nederlands;Master;Duaal;Extern;Regulier;Geen;0;0;Deze masteropleiding combineert werken en leren, gericht op het behalen van een eerstegraads lesbevoegdheid in het vak Nederlands. Er is geen expliciete integratie van sleuteltechnologieën zoals AI of Data Sciences.;;;
Leraar Economie;Bachelor;Voltijd;Extern;Regulier;Geen;0;0;De opleiding richt zich op het verwerven van vakdidactische en pedagogische vaardigheden voor het lesgeven in economie. Er is geen expliciete integratie van sleuteltechnologieën zoals AI of Data Sciences.;;;
Leraar Scheikunde;Bachelor;Voltijd;Extern;Regulier;Geen;0;0;De opleiding richt zich op het verwerven van vakdidactische en pedagogische vaardigheden voor het lesgeven in scheikunde. Er is geen expliciete integratie van sleuteltechnologieën zoals AI of Data Sciences.;;;
Drama & Theater (nascholing);Cursus;Deeltijd;Extern;Betaald;Geen;0;0;Deze nascholing is gericht op dramadocenten en dramatherapeuten die op zoek zijn naar inspiratie en artistieke input. Er is geen expliciete integratie van sleuteltechnologieën zoals AI of Data Sciences.;;;
Vaktherapie - Dramatherapie;Bachelor;Voltijd;Extern;Regulier;Geen;0;0;De opleiding richt zich op het inzetten van dramatische middelen in therapeutische contexten. Er is geen expliciete integratie van sleuteltechnologieën zoals AI of Data Sciences.;;;
Duurzame Energietechniek;Cursus;Deeltijd;Extern;Betaald;Data Sciences;1;2;De cursus behandelt technologieën voor het benutten van duurzame energie en principes van duurzame ontwikkeling. Data-analyse speelt een rol bij het begrijpen en toepassen van deze technologieën.;;;
Dysartrie;Post-hbo;Deeltijd;Extern;Betaald;Geen;0;0;De cursus richt zich op diagnostiek en behandeling van dysartrie bij volwassenen, zonder expliciete integratie van sleuteltechnologieën zoals AI of Data Sciences.;;;
E-commerce A: Online Marketing en Verkoop;HBO-programma;Deeltijd;Extern;Betaald;Data Sciences en AI;3;3;De opleiding behandelt het ontwikkelen en uitrollen van online marketingplannen, met gebruik van tools zoals Google Analytics en Google Ads. Er is een sterke integratie van data-analyse en AI-toepassingen.;;;
Eet- en Drinkproblemen bij Kinderen 1;Post-hbo;Deeltijd;Extern;Betaald;Geen;0;0;De cursus richt zich op de diagnostiek en behandeling van eet- en drinkproblemen bij jonge kinderen, zonder expliciete integratie van sleuteltechnologieën zoals AI of Data Sciences.;;;
Eet- en Drinkproblemen bij Kinderen 2;Post-hbo;Deeltijd;Extern;Betaald;Geen;0;0;Deze cursus bouwt voort op deel 1 en biedt verdieping in ouderbegeleiding en copingstrategieën, zonder nadruk op technologie.;;;
Electrical and Electronic Engineering (studietaal Engels);Bachelor;Voltijd;Extern;Regulier;Data Sciences en AI;2;3;De opleiding behandelt besturing en automatisering, inclusief het ontwikkelen van besturingskasten en complexe automatiseringsprojecten, waarbij data-analyse en AI-toepassingen een rol spelen.;;;
Elektrische Energietechniek;Cursus;Deeltijd;Extern;Betaald;Data Sciences;2;1;De cursus biedt inzicht in opwekking, transport en distributie van elektrische energie, met aandacht voor actuele ontwikkelingen zoals smart grids.;;;
Elektrische Energietechniek in Vogelvlucht;Cursus;Deeltijd;Extern;Betaald;Data Sciences;2;1;Deze cursus biedt een overzicht van elektrische energietechniek, inclusief onderwerpen als decentrale energieopwekking en smart grids.;;;
Elektrische Machines;Cursus;Deeltijd;Extern;Betaald;Geen;1;0;De cursus behandelt de theorie en praktijk van elektrische motoren en generatoren, met laboratoriumproeven, zonder expliciete integratie van sleuteltechnologieën.;;;
Elektronica in Elektrische en Hybride Voertuigen;Cursus;Deeltijd;Extern;Betaald;Data Sciences en AI;2;3;De cursus behandelt de nieuwste innovaties in autotechniek en auto-elektronica, inclusief toepassingen van AI en data-analyse.;;;
Elektrotechniek (Associate Degree);Associate Degree;Deeltijd;Extern;Regulier;Data Sciences;2;1;De opleiding richt zich op het ontwikkelen van systemen voor slimme, duurzame en veilige energieoverdracht, met aandacht voor data-analyse.;;;
Elektrotechniek (Bachelor);Bachelor;Voltijd;Extern;Regulier;Data Sciences en AI;3;3;De opleiding behandelt meet- en regeltechniek, vermogenselektronica en industriële automatisering, met integratie van data-analyse en AI-toepassingen.;;;
Elektrotechniek voor Startende Studenten;Cursus;Deeltijd;Extern;Betaald;Geen;1;0;Deze cursus biedt een introductie in elektrotechniek voor startende studenten, met basiskennis zonder nadruk op sleuteltechnologieën.;;;
Elektrotechniek (Bachelor);Bachelor;Deeltijd;Extern;Regulier;Data Sciences en AI;3;3;De deeltijdopleiding behandelt innovaties en duurzaamheid in elektrotechniek, inclusief toepassingen van data-analyse en AI.;;;
Embedded Systems Engineering (voltijd);Bachelor;Voltijd;Extern;Regulier;Data Sciences en AI;3;3;De opleiding richt zich op het ontwikkelen van hardware en software voor slimme systemen, met integratie van data-analyse en AI-toepassingen.;;;
Embedded Systems Engineering (deeltijd);Bachelor;Deeltijd;Extern;Regulier;Data Sciences en AI;3;3;Deze deeltijdopleiding biedt flexibiliteit en behandelt het ontwikkelen van intelligente systemen met behulp van data-analyse en AI.;;;
Embedded Systems Engineering (Associate Degree);Associate Degree;Deeltijd;Extern;Regulier;Data Sciences en AI;3;3;De tweejarige opleiding richt zich op het ontwikkelen van software en hardware voor intelligente systemen, met aandacht voor data-analyse en AI.;;;
Ervaringsdeskundigheid in Zorg en Welzijn;Associate Degree;Deeltijd;Extern;Regulier;Geen;0;0;De opleiding leert studenten hun herstelervaringen professioneel in te zetten in de zorg, zonder expliciete technologie-integratie.;;;
Evidence Based Practice in de (Langdurige) Ouderenzorg;Post-hbo;Deeltijd;Extern;Betaald;Data Sciences;1;2;De cursus richt zich op het toepassen van evidence-based practice in de ouderenzorg, met gebruik van data-analyse.;;;
Facility Management;Bachelor;Voltijd;Extern;Regulier;Geen;0;0;De opleiding richt zich op het organiseren van facilitaire diensten, zonder nadruk op technologie.;;;
Fast Track to Action Learning MBA;Master;Deeltijd;Extern;Betaald;Data Sciences;1;2;De MBA-opleiding combineert action learning met data-analyse voor strategisch management.;;;
Fermentatietechnologie in de Biobased Economy (praktijk);Cursus;Deeltijd;Extern;Betaald;Data Sciences;1;2;De cursus behandelt fermentatietechnologie als sleuteltechnologie in de biobased economie.;;;
Finance & Control (Bedrijfseconomie);Bachelor;Voltijd;Extern;Regulier;Data Sciences;1;2;De opleiding richt zich op financieel management en control, met integratie van data-analyse.;;;
Finance, Tax and Advice;Bachelor;Voltijd;Extern;Regulier;Data Sciences;1;2;De opleiding combineert financiële en fiscale advisering met data-analyse.;;;
Financial Controlling;Module;Deeltijd;Extern;Betaald;Data Sciences;1;2;De module richt zich op het verdiepen van financieel-economische kennis en administratieve processen, met aandacht voor data-analyse.;;;
Food & Business;Bachelor;Voltijd;Extern;Regulier;Geen;0;0;De opleiding combineert voeding, gezondheid en business, zonder expliciete integratie van sleuteltechnologieën zoals AI of Data Sciences.;;;
Fysiotherapie;Bachelor;Voltijd;Extern;Regulier;Geen;0;0;De opleiding richt zich op het helpen van mensen bij het bewegend functioneren, zonder nadruk op technologie.;;;
Fysiotherapie bij Oncologische Patiënten;Post-hbo;Deeltijd;Extern;Betaald;Geen;0;0;De cursus biedt basiskennis voor de diagnostiek en behandeling van oncologische patiënten, zonder expliciete technologie-integratie.;;;
Bouwkunde;Bachelor;Deeltijd;Extern;Regulier;Geen;0;0;De opleiding behandelt actuele thema's in de bouw, zonder expliciete integratie van sleuteltechnologieën zoals AI of Data Sciences.;;;
Civiele Techniek;Bachelor;Deeltijd;Extern;Regulier;Geen;0;0;De opleiding richt zich op duurzame infrastructuur, zonder nadruk op technologie.;;;
Google Analytics (gevorderden);Cursus;Deeltijd;Extern;Betaald;Data Sciences;1;2;De cursus verdiept kennis in GA4, conversie-optimalisatie en usability, met nadruk op data-analyse.;;;
Musculoskeletale Revalidatie;Master;Deeltijd;Extern;Regulier;Data Sciences;1;2;De opleiding ontwikkelt je tot klinisch musculoskeletale expert, met aandacht voor diagnostiek, therapie en innovatie.;;;
Neurorevalidatie & Innovatie;Master;Deeltijd;Extern;Regulier;Data Sciences;1;2;De opleiding richt zich op zorgprofessionals die zich willen specialiseren in neurorevalidatie en innovatie, met aandacht voor data-analyse.;;;
Life Sciences (studietaal Engels);Bachelor;Voltijd;Extern;Regulier;Biotechnologie;1;2;De opleiding richt zich op laboratoriumonderzoek in moleculaire biologie, biochemie en biotechnologie.;;;
Civiele Techniek;Bachelor;Voltijd;Extern;Regulier;Geen;0;0;De opleiding behandelt theorie en praktijk in civiele techniek, zonder expliciete integratie van sleuteltechnologieën zoals AI of Data Sciences.;;;
Accountancy;Bachelor;Deeltijd;Extern;Regulier;Data Sciences;1;2;De opleiding richt zich op financiële verslaglegging en controle, met aandacht voor data-analyse en digitale systemen.;;;
Bedrijfskunde;Bachelor;Voltijd;Extern;Regulier;Data Sciences;1;2;De opleiding behandelt organisatieverbetering en bedrijfsprocessen, met integratie van data-analyse en digitale tools.;;;
Communicatie;Bachelor;Voltijd;Extern;Regulier;Data Sciences;1;2;De opleiding richt zich op digitale communicatie en media, met gebruik van data-analyse voor strategische communicatie.;;;
Mondzorgkunde;Bachelor;Voltijd;Extern;Regulier;Geen;0;0;De opleiding leidt op tot mondhygiënist, met focus op preventie en patiëntenzorg, zonder nadruk op technologie.;;;
Pedagogiek;Bachelor;Voltijd;Extern;Regulier;Geen;0;0;De opleiding richt zich op opvoeding en ontwikkeling van kinderen en jongeren, zonder expliciete technologie-integratie.;;;
Technische Bedrijfskunde;Bachelor;Voltijd;Extern;Regulier;Data Sciences;1;2;De opleiding combineert techniek en management, met aandacht voor data-analyse en procesoptimalisatie.;;;
Vaktherapie;Bachelor;Voltijd;Extern;Regulier;Geen;0;0;De opleiding gebruikt creatieve therapieën zoals muziek en drama voor behandeling, zonder nadruk op technologie.;;;
Verpleegkunde;Bachelor;Deeltijd;Extern;Regulier;Geen;0;0;De opleiding leidt op tot verpleegkundige, met focus op patiëntenzorg en klinische vaardigheden, zonder expliciete technologie-integratie.;;;
Verpleegkunde;Bachelor;Voltijd;Extern;Regulier;Geen;0;0;De opleiding leidt op tot verpleegkundige, met focus op patiëntenzorg en klinische vaardigheden, zonder expliciete technologie-integratie.;;;
Finance & Control (Bedrijfseconomie);Bachelor;Deeltijd;Extern;Regulier;Data Sciences;1;2;De opleiding richt zich op financieel management en control, met integratie van data-analyse en digitale systemen.;;;
HBO-ICT;Bachelor;Deeltijd;Extern;Regulier;Data Sciences en AI;3;3;De opleiding behandelt softwareontwikkeling en ICT-advies, met sterke integratie van data-analyse en AI-toepassingen.;;;
HBO-ICT;Bachelor;Voltijd;Extern;Regulier;Data Sciences en AI;3;3;De opleiding richt zich op het ontwerpen, bouwen en beheren van softwaretoepassingen, met nadruk op data-analyse en AI-toepassingen.;;;
HBO-Rechten;Bachelor;Deeltijd;Extern;Regulier;Geen;0;0;De opleiding leidt op tot hbo-jurist, met focus op privaatrecht, publiekrecht en strafrecht, zonder expliciete technologie-integratie.;;;
HBO-Rechten;Bachelor;Duaal;Extern;Regulier;Geen;0;0;De duale variant combineert werken en leren in een juridische omgeving, zonder nadruk op technologie.;;;
Human Resource Management;Bachelor;Voltijd;Extern;Regulier;Data Sciences;1;2;De opleiding behandelt strategisch HRM en organisatieontwikkeling, met integratie van data-analyse voor personeelsbeleid.;;;
Begeleidingskunde;Master;Deeltijd;Extern;Betaald;Geen;0;0;De opleiding richt zich op het begeleiden van veranderprocessen binnen organisaties, zonder expliciete technologie-integratie.;;;
Engineering Systems;Master;Deeltijd;Extern;Betaald;Data Sciences en AI;3;3;De opleiding biedt specialisaties in Automotive Systems, Cyber-Physical Systems en Sustainable Energy, met nadruk op data-analyse en AI.;;;
Engineering Systems;Master;Voltijd;Extern;Betaald;Data Sciences en AI;3;3;De voltijdvariant biedt dezelfde specialisaties als de deeltijdvariant, met focus op data-analyse en AI-toepassingen.;;;
Pedagogiek;Master;Deeltijd;Extern;Betaald;Geen;0;0;De opleiding richt zich op complexe vraagstukken in jeugdzorg en onderwijs, zonder expliciete technologie-integratie.;;;
Social Work;Master;Deeltijd;Extern;Betaald;Geen;0;0;De opleiding behandelt thema's als burgerschap en sociale rechtvaardigheid, zonder nadruk op technologie.;;;
Sport- en Beweeginnovatie;Master;Deeltijd;Extern;Betaald;Data Sciences;1;2;De opleiding richt zich op innovatie binnen de sport- en beweegsector, met gebruik van data-analyse voor maatschappelijke uitdagingen.;;;
Pedagogiek;Master;Duaal;Extern;Betaald;Geen;0;0;De duale variant combineert werken en leren in pedagogische contexten, zonder expliciete technologie-integratie.;;;
Social Work;Bachelor;Duaal;Extern;Regulier;Geen;0;0;De opleiding richt zich op het ontwikkelen van professionals in het sociale domein, zonder expliciete integratie van sleuteltechnologieën.;;;
Chemie;Bachelor;Deeltijd;Extern;Regulier;Data Sciences;1;2;De opleiding behandelt analytische en organische chemie, met aandacht voor moderne laboratoriumtechnieken.;;;
Chemistry (studietaal Engels);Bachelor;Voltijd;Extern;Regulier;Data Sciences;1;2;De Engelstalige opleiding richt zich op analytische chemie en laboratoriumvaardigheden, met toepassing van moderne technologieën.;;;
Biologie en Medisch Laboratoriumonderzoek;Bachelor;Voltijd;Extern;Regulier;Data Sciences;1;2;De opleiding focust op laboratoriumonderzoek in biologie en medische diagnostiek, met gebruik van geavanceerde technologieën.;;;
Leraar Lichamelijke Opvoeding (ALO);Bachelor;Voltijd;Extern;Regulier;Geen;0;0;De opleiding leidt op tot docent lichamelijke opvoeding, zonder expliciete integratie van sleuteltechnologieën.;;;
Herbestemmen en verduurzamen van gebouwen;Cursus;Deeltijd;Extern;Betaald;Data Sciences;1;2;De cursus behandelt het herbestemmen en verduurzamen van gebouwen, met aandacht voor duurzame technologieën en innovaties.;;;
Hodson & Paden;Post-hbo;Deeltijd;Extern;Betaald;Geen;0;0;De cursus richt zich op de behandeling van spraakproblemen bij kinderen, zonder expliciete integratie van sleuteltechnologieën.;;;
Human Resource Management voor Werkenden;HBO-programma;Deeltijd;Extern;Betaald;Data Sciences;1;2;De opleiding behandelt HRM-thema's met aandacht voor data-analyse en digitale HR-tools.;;;
ISAK level 1 – Meten van lichaamssamenstelling;Cursus;Deeltijd;Extern;Betaald;Data Sciences;1;2;De cursus leert deelnemers lichaamssamenstelling te meten volgens de ISAK-methode, met toepassing van meetinstrumenten en data-analyse.;;;
Immunohematologie;Cursus;Deeltijd;Extern;Betaald;Data Sciences;1;2;De cursus behandelt immunologische aspecten van hematologie, met gebruik van laboratoriumtechnieken en data-analyse.;;;
Immunologie;Cursus;Deeltijd;Extern;Betaald;Data Sciences;1;2;De cursus biedt inzicht in het immuunsysteem en immunologische processen, met toepassing van moderne technologieën.;;;
Individuele Schrijfcoaching;Cursus;Deeltijd;Extern;Betaald;Geen;0;0;De cursus richt zich op het verbeteren van schrijfvaardigheden, zoals structureren en formuleren, zonder nadruk op technologie.;;;
Industrieel Product Ontwerpen;Bachelor;Voltijd;Extern;Regulier;Data Sciences;1;2;De opleiding combineert vormgeving en techniek met aandacht voor duurzaamheid en innovatie in productontwikkeling.;;;
Innovatief en Energiebesparend Restaureren;Cursus;Deeltijd;Extern;Betaald;Data Sciences;1;2;De cursus behandelt het verduurzamen van historische gebouwen met innovatieve technieken en materialen.;;;
Instrumentele Analyse van Micro- en Macrocomponenten;Module;Deeltijd;Extern;Betaald;Data Sciences;1;2;De module leert deelnemers biologische monsters analyseren met instrumentele technieken, gericht op bioanalyse.;;;
Integraal Vitaliteitsmanagement (IVM);Cursus;Deeltijd;Extern;Betaald;Geen;0;0;De cursus richt zich op het ontwikkelen van vitaliteitsbeleid binnen organisaties, zonder nadruk op technologie.;;;
Intensieve Ambulante Gezinsbehandeling (IAG);Post-hbo;Deeltijd;Extern;Betaald;Geen;0;0;De opleiding richt zich op het bieden van intensieve ondersteuning aan gezinnen met complexe problematiek, zonder technologie-integratie.;;;
International Business (studietaal Engels);Bachelor;Voltijd;Extern;Regulier;Data Sciences;1;2;De opleiding behandelt internationale bedrijfsvoering met aandacht voor data-analyse en digitale tools.;;;
International Social Work (studietaal Engels);Bachelor;Voltijd;Extern;Regulier;Geen;0;0;De opleiding richt zich op sociaal werk in internationale contexten, zonder expliciete technologie-integratie.;;;
Interventiekunde;Module;Deeltijd;Extern;Betaald;Geen;0;0;De module behandelt veranderprocessen in organisaties met focus op interventies, zonder nadruk op technologie.;;;
Intervisie binnen Organisaties;Cursus;Deeltijd;Extern;Betaald;Geen;0;0;De cursus leert deelnemers professionele intervisie te begeleiden binnen organisaties, zonder technologie-integratie.;;;
Introductie in Data Science;Cursus;Deeltijd;Extern;Betaald;Data Sciences;1;2;De cursus biedt een praktische introductie in data-analyse en statistiek, inclusief Python-programmeren en machine learning.;;;
Inzicht in de Bloedbankketen;Cursus;Deeltijd;Extern;Betaald;Data Sciences;1;2;De cursus biedt inzicht in de gehele bloedtransfusieketen, gericht op professionals in de bloedbanksector.;;;
Jezelf Succesvol Profileren als (Vak)therapeut;Module;Deeltijd;Extern;Betaald;Geen;0;0;De module richt zich op het ontwikkelen van profilering- en ondernemerschapsvaardigheden voor vaktherapeuten.;;;
Kauw Observatie en Evaluatie-instrument (KOE);Post-hbo;Deeltijd;Extern;Betaald;Data Sciences;1;2;De cursus leert logopedisten het KOE-instrument gebruiken voor het observeren en evalueren van kauwproblemen bij kinderen.;;;
Kennismaken met Didactisch Coachen;Post-hbo;Deeltijd;Extern;Betaald;Geen;0;0;De cursus introduceert didactisch coachen als methodiek voor onderwijsprofessionals.;;;
Kinderdiëtetiek: Eetproblemen bij Jonge Kinderen;Post-hbo;Deeltijd;Extern;Betaald;Data Sciences;1;2;De cursus biedt verdieping in eetproblemen bij jonge kinderen, gericht op diëtisten en andere zorgprofessionals.;;;
Kindervoeding en Kinderdiëtetiek (basis);Post-hbo;Deeltijd;Extern;Betaald;Data Sciences;1;2;De basiscursus richt zich op kindervoeding en kinderdiëtetiek, bedoeld voor diëtisten en andere zorgprofessionals.;;;
Klinische Cytologie;Cursus;Deeltijd;Extern;Betaald;Data Sciences;1;2;De cursus behandelt cytologische technieken en diagnostiek, gericht op laboratoriummedewerkers.;;;
HBO-Rechten;Bachelor;Voltijd;Extern;Regulier;Geen;0;0;De opleiding biedt juridische kennis en praktijkervaring, gericht op diverse rechtsgebieden.;;;
Kopopleiding (verkorte lerarenopleiding);Bachelor;Voltijd;Extern;Regulier;Geen;0;0;De opleiding leidt in ongeveer een jaar op tot 2e-graads onderwijsbevoegdheid, gericht op afgestudeerden met een relevante hbo- of wo-opleiding.;;;
Kosten Civiele Constructies;Module;Deeltijd;Extern;Betaald;Data Sciences;1;2;De module behandelt kostenbeheersing in civiele constructieprojecten, gericht op professionals in de infrastructuursector.;;;
Kosten Waterbouw;Module;Deeltijd;Extern;Betaald;Data Sciences;1;2;De module richt zich op kostenaspecten van waterbouwkundige werken, inclusief landwinning en gebiedsinrichting.;;;
Kosten Wegenbouw;Module;Deeltijd;Extern;Betaald;Data Sciences;1;2;Deze module behandelt kostenaspecten van wegenbouw, inclusief aanleg, beheer en dynamisch verkeersmanagement.;;;
Kostendeskundige Infra;Post-hbo;Deeltijd;Extern;Betaald;Data Sciences;1;2;Deze leergang richt zich op kostenbeheersing binnen de infrastructuursector, met modules zoals Kosten Wegenbouw en Kosten Waterbouw.;;;
Kwalificatie en Validatie Engineer;Post-hbo;Deeltijd;Extern;Betaald;Data Sciences;1;2;Deze opleiding biedt kennis en vaardigheden op het gebied van kwalificatie en validatie in de farmaceutische en life sciences industrie.;;;
Kwaliteitszorg in het Laboratorium;Cursus;Deeltijd;Extern;Betaald;Data Sciences;1;2;Deze cursus behandelt kwaliteitsnormen zoals ISO 15189 en richt zich op kwaliteitszorg in laboratoria.;;;
Laboratoriummanagement;HBO-programma;Deeltijd;Extern;Betaald;Data Sciences;1;2;Dit programma combineert cursussen in kwaliteitszorg en praktisch leidinggeven in laboratoria.;;;
Large Language Models (studietaal Engels);Cursus;Deeltijd;Extern;Betaald;Data Sciences en AI;3;3;Deze cursus biedt een praktijkgerichte introductie in AI-taalmodellen en deep learning.;;;
Lean Management;HBO-programma;Deeltijd;Extern;Betaald;Data Sciences;1;2;Deze opleiding richt zich op procesverbetering en lean management, met het behalen van een Lean Green Belt certificaat.;;;
Learning & Development in Organisations (Opleidingskunde);Bachelor;Voltijd;Extern;Regulier;Geen;0;0;Deze opleiding richt zich op het ontwikkelen van leer- en ontwikkeltrajecten binnen organisaties.;;;
Leefstijlcoach in de ouderenzorg;Cursus;Deeltijd;Extern;Betaald;Geen;0;0;Deze cursus richt zich op het begeleiden van ouderen naar een gezonde leefstijl.;;;
Leefstijlcoach voor Diëtisten;Post-hbo;Deeltijd;Extern;Betaald;Geen;0;0;Deze verkorte module is speciaal ontwikkeld voor diëtisten die zich willen specialiseren in leefstijlcoaching.;;;
Leefstijlcoach voor Fysiotherapeuten;Cursus;Deeltijd;Extern;Betaald;Geen;0;0;Deze cursus is gericht op fysiotherapeuten die cliënten willen begeleiden naar een gezonde leefstijl.;;;
Leefstijlcoaching voor GGZ-behandelaars;Cursus;Deeltijd;Extern;Betaald;Geen;0;0;Deze cursus richt zich op het begeleiden van cliënten naar een gezonde(re) leefstijl binnen de GGZ.;;;
Leefstijlcoaching voor GGZ-verpleegkundigen en Verpleegkundig Specialisten;Cursus;Deeltijd;Extern;Betaald;Geen;0;0;In deze 3-daagse cursus ontwikkel je vaardigheden om cliënten te begeleiden naar een gezonde leefstijl en terugval te voorkomen.;;;
Leergang Google Ads (professional);Cursus;Deeltijd;Extern;Betaald;Data Sciences;1;2;Deze leergang bestaat uit een basiscursus (3 dagdelen) en een gevorderde cursus (2 dagdelen) gericht op het optimaliseren van Google Ads campagnes.;;;
Leergang Google Analytics (professional);Cursus;Deeltijd;Extern;Betaald;Data Sciences;1;2;Deze leergang bestaat uit een basiscursus (3 dagdelen) en een gevorderde cursus (2 dagdelen) waarin je leert hoe GA4 werkt en hoe je rapportages analyseert en interpreteert.;;;
Leergang Zoekmachine Optimalisatie (SEO) (professional);Cursus;Deeltijd;Extern;Betaald;Data Sciences;1;2;Deze leergang behandelt zoekmachinemarketing, werking van zoekmachines, en technieken voor zoekmachineoptimalisatie.;;;
Leertraject voor Schoolopleiders;Cursus;Deeltijd;Extern;Betaald;Geen;0;0;Dit leertraject biedt inzicht in het speelveld van schoolopleiders en geeft handvatten om keuzes te onderbouwen en de taak goed uit te voeren.;;;
Leerwerktraject in de Zorg;Cursus;Deeltijd;Extern;Betaald;Geen;0;0;Dit traject biedt een combinatie van leren en werken in de zorgsector, gericht op het ontwikkelen van praktische vaardigheden.;;;
Leraar Basisonderwijs (Pabo);Bachelor;Voltijd;Extern;Regulier;Geen;0;0;Deze opleiding leidt op tot leraar basisonderwijs met een eigen visie, gericht op het geven van kinderen een onvergetelijke schooltijd.;;;
Leraar Biologie;Bachelor;Voltijd;Extern;Regulier;Geen;0;0;Deze opleiding leidt op tot 2e-graads docent biologie in het voortgezet onderwijs of middelbaar beroepsonderwijs.;;;
Leraar Duits;Bachelor;Deeltijd;Extern;Regulier;Geen;0;0;Deze opleiding richt zich op het opleiden tot leraar Duits, met aandacht voor taal en cultuur.;;;
Leraar Geschiedenis;Bachelor;Voltijd;Extern;Regulier;Geen;0;0;Deze opleiding draait om het interpreteren van feiten en historische achtergronden, gericht op het opleiden tot leraar geschiedenis.;;;
Leraar Natuurkunde;Bachelor;Voltijd;Extern;Regulier;Geen;0;0;Deze opleiding richt zich op het onderwijzen van natuurkunde in het voortgezet onderwijs.;;;
Leraar Natuurkunde;Bachelor;Deeltijd;Extern;Regulier;Geen;0;0;De deeltijdvariant biedt flexibiliteit voor werkenden die leraar natuurkunde willen worden.;;;
Leraar Nederlands;Bachelor;Voltijd;Extern;Regulier;Geen;0;0;Deze opleiding leidt op tot leraar Nederlands in het voortgezet onderwijs.;;;
Leraar Nederlands;Bachelor;Deeltijd;Extern;Regulier;Geen;0;0;De deeltijdvariant is geschikt voor werkenden die leraar Nederlands willen worden.;;;
Leraar Scheikunde;Bachelor;Deeltijd;Extern;Regulier;Geen;0;0;Deze opleiding richt zich op het onderwijzen van scheikunde in het voortgezet onderwijs.;;;
Leraar Wiskunde;Bachelor;Deeltijd;Extern;Regulier;Geen;0;0;De deeltijdvariant biedt flexibiliteit voor werkenden die leraar wiskunde willen worden.;;;
Leraar Wiskunde;Bachelor;Voltijd;Extern;Regulier;Geen;0;0;Deze opleiding leidt op tot leraar wiskunde in het voortgezet onderwijs.;;;
Leraar Aardrijkskunde;Bachelor;Voltijd;Extern;Regulier;Geen;0;0;Deze opleiding richt zich op het onderwijzen van aardrijkskunde in het voortgezet onderwijs.;;;
Leraar Gezondheidszorg en Welzijn;Bachelor;Deeltijd;Extern;Regulier;Geen;0;0;De deeltijdvariant is geschikt voor werkenden die leraar gezondheidszorg en welzijn willen worden.;;;
Leraar Economie;Bachelor;Deeltijd;Extern;Regulier;Geen;0;0;Deze opleiding richt zich op het onderwijzen van economie in het voortgezet onderwijs.;;;
Leraar Frans;Bachelor;Voltijd;Extern;Regulier;Geen;0;0;Deze opleiding leidt op tot leraar Frans in het voortgezet onderwijs.;;;
Logistics Management;Bachelor;Voltijd;Extern;Regulier;Data Sciences;1;2;De opleiding integreert data-analyse in logistieke besluitvorming, met aandacht voor tools zoals Excel en Power BI.;;;
Logistics Management;Bachelor;Deeltijd;Extern;Regulier;Data Sciences;1;2;De deeltijdvariant biedt werkenden de mogelijkheid om data-analyse toe te passen in logistieke processen, met gebruik van relevante tools.;;;
Logistics Management;Bachelor;Duaal;Extern;Regulier;Data Sciences;1;2;De duale opleiding combineert werken en leren, waarbij data-analyse een rol speelt in het optimaliseren van logistieke processen.;;;
Logopedie: Communicatie en Dementie (basis);Post-hbo;Deeltijd;Extern;Betaald;Geen;0;0;Deze cursus richt zich op communicatie met mensen met cognitieve beperkingen, zonder expliciete focus op Data Sciences of AI.;;;
Management in de Zorg;Bachelor;Duaal;Extern;Regulier;Geen;0;0;De opleiding ontwikkelt leidinggevende kwaliteiten in de zorgsector, zonder specifieke aandacht voor Data Sciences of AI.;;;
Management in de Zorg;Bachelor;Deeltijd;Extern;Regulier;Geen;0;0;De deeltijdvariant richt zich op managementvaardigheden in de zorg, zonder expliciete integratie van Data Sciences of AI.;;;
Management in de Zorg;Associate Degree;Deeltijd;Extern;Regulier;Geen;0;0;Deze tweejarige opleiding biedt een basis in zorgmanagement, zonder specifieke focus op Data Sciences of AI.;;;
Advanced Nursing Practice;Master;Duaal;Extern;Regulier;Geen;0;0;Deze masteropleiding leidt op tot verpleegkundig specialist, met nadruk op klinische vaardigheden en geen expliciete focus op Data Sciences of AI.;;;
Applied Data Science (studietaal Engels);Master;Deeltijd;Extern;Regulier;Data Sciences en AI;3;3;Deze masteropleiding richt zich volledig op het ontwikkelen en implementeren van datagedreven oplossingen, met modules in machine learning, predictive modelling en AI.;;;
Business Sales;Master;Deeltijd;Extern;Regulier;Data Sciences;1;2;De opleiding integreert data-science en digitalisering in salesstrategieën, met aandacht voor het initiëren van salesinnovaties.;;;
Circulaire Economie;Master;Deeltijd;Extern;Regulier;Geen;0;0;Deze masteropleiding richt zich op duurzaamheid en circulaire bedrijfsmodellen, zonder expliciete focus op Data Sciences of AI.;;;
Masterclass Lezen met de Leescyclus;Cursus;Deeltijd;Extern;Betaald;Geen;0;0;Deze masterclass richt zich op het verrijken van jeugdliteratuuronderwijs met behulp van de leescyclus. Er is geen expliciete focus op Data Sciences of AI.;;;
Mechanical Engineering (Studietaal Engels);Bachelor;Voltijd;Extern;Regulier;Data Sciences;1;2;De opleiding behandelt onderwerpen zoals energie-efficiëntie, human-machine interfaces en besturingssystemen, waarbij data-analyse een rol speelt.;;;
Medische Hulpverlening;Bachelor;Voltijd;Extern;Regulier;Geen;0;0;De opleiding richt zich op acute en intensieve zorg, zoals ambulancezorg en spoedeisende hulp, zonder expliciete integratie van Data Sciences of AI.;;;
Methoden en Technieken Kostenramingen Infra;Module;Deeltijd;Extern;Betaald;Data Sciences;1;2;Deze module behandelt rekentechnieken zoals probabilistisch en parametrisch kostenramen, wat data-analyse omvat.;;;
Financieel Management;Module;Deeltijd;Extern;Betaald;Data Sciences;1;2;De module biedt inzicht in financiële besturing en analyse van geldstromen, met gebruik van data-analyse tools.;;;
Marketing Management;Module;Deeltijd;Extern;Betaald;Data Sciences;1;2;De module richt zich op marketingstrategieën en -plannen, waarbij data-analyse een rol speelt in het begrijpen van de markt en klantgedrag.;;;
Ontwerpen en Ontwikkelen van Blended Learning;Module;Deeltijd;Extern;Betaald;Data Sciences;1;2;Deze module behandelt het ontwerpen van blended learning trajecten, met aandacht voor digitale werkvormen en leertechnologie.;;;
Mondelinge Adviesvaardigheden;Cursus;Deeltijd;Extern;Betaald;Geen;0;0;De cursus richt zich op het verbeteren van mondelinge adviesvaardigheden, zonder expliciete integratie van Data Sciences of AI.;;;
Morfologie van het Urinesediment;Cursus;Deeltijd;Extern;Betaald;Data Sciences;1;1;De cursus behandelt het analyseren van urinesedimenten, waarbij data-analyse een rol speelt in de diagnostiek.;;;
Motiverende Gespreksvoering (basis);Post-hbo;Deeltijd;Extern;Betaald;Geen;0;0;De training richt zich op het versterken van motivatie en bereidheid tot verandering bij cliënten, zonder expliciete focus op Data Sciences of AI.;;;
Motiverende Gespreksvoering (vervolg);Post-hbo;Deeltijd;Extern;Betaald;Geen;0;0;De vervolgtraining bouwt voort op de basisopleiding en richt zich op verdere ontwikkeling van motiverende gespreksvaardigheden, zonder expliciete focus op Data Sciences of AI.;;;
Circulaire Economie;Master;Voltijd;Extern;Regulier;Geen;0;0;De opleiding richt zich op duurzaamheidsvraagstukken en transformationeel leiderschap, zonder expliciete integratie van Data Sciences of AI.;;;
Human Capital Innovatie;Master;Deeltijd;Extern;Regulier;Geen;0;0;De opleiding focust op veranderingen in arbeidsmarkt en onderwijs, zonder expliciete integratie van Data Sciences of AI.;;;
Integraal Adviseur MKB;Master;Deeltijd;Extern;Regulier;Data Sciences;1;2;De opleiding behandelt onderwerpen als risicomanagement en toepassing van de CSRD-wetgeving, waarbij data-analyse een rol speelt.;;;
Leraar Algemene Economie;Master;Duaal;Extern;Regulier;Geen;0;0;De opleiding richt zich op vakinhoudelijke en didactische ontwikkeling, zonder expliciete integratie van Data Sciences of AI.;;;
Leraar Wiskunde;Master;Duaal;Extern;Regulier;Geen;0;0;De opleiding focust op vakinhoudelijke en didactische vaardigheden, zonder expliciete integratie van Data Sciences of AI.;;;
Management & Innovatie in Maatschappelijke Organisaties;Master;Deeltijd;Extern;Regulier;Geen;0;0;De opleiding richt zich op verandermanagement en innovatie in maatschappelijke organisaties, zonder expliciete integratie van Data Sciences of AI.;;;
Ontwerpen van Eigentijds Leren;Master;Deeltijd;Extern;Regulier;Geen;0;0;De opleiding focust op het ontwerpen van eigentijds onderwijs, zonder expliciete integratie van Data Sciences of AI.;;;
Physician Assistant;Master;Duaal;Extern;Regulier;Geen;0;0;De opleiding richt zich op medische deskundigheid en zelfstandig medisch handelen, zonder expliciete integratie van Data Sciences of AI.;;;
Social Work;Master;Duaal;Extern;Regulier;Geen;0;0;De opleiding draait om thema's als burgerschap en sociale rechtvaardigheid, zonder expliciete integratie van Data Sciences of AI.;;;
Transitie naar Gezondheid en Welzijn;Master;Deeltijd;Extern;Regulier;Geen;0;0;De opleiding ontwikkelt professionals tot change-agents in de transitie van zorg naar gezondheid en welzijn, zonder expliciete integratie van Data Sciences of AI.;;;
Vaktherapie;Master;Deeltijd;Extern;Regulier;Geen;0;0;De opleiding richt zich op het onderbouwen van vaktherapeutische interventies met praktijkgericht onderzoek, zonder expliciete integratie van Data Sciences of AI.;;;
Motiverende Gespreksvoering incompany (basis);Post-hbo;Deeltijd;Extern;Betaald;Geen;0;0;Deze incompany training richt zich op het aanleren van motiverende gespreksvaardigheden voor diverse zorgprofessionals. Er is geen expliciete focus op Data Sciences of AI.;;;
Motiverende Gespreksvoering incompany (vervolg);Post-hbo;Deeltijd;Extern;Betaald;Geen;0;0;Deze vervolgtraining verdiept de vaardigheden in motiverende gespreksvoering, met nadruk op verandertaal. Geen expliciete integratie van Data Sciences of AI.;;;
Vaktherapie - Muziektherapie;Bachelor;Voltijd;Extern;Regulier;Geen;0;0;De opleiding richt zich op het inzetten van muziek in therapeutische contexten. Er is geen expliciete focus op Data Sciences of AI.;;;
NEN9140;Cursus;Deeltijd;Extern;Betaald;Geen;0;0;Deze eendaagse cursus leidt op tot certificering voor veilig werken aan elektrische voertuigen volgens NEN 9140. Geen expliciete integratie van Data Sciences of AI.;;;
NL-Actief branchediploma's Fitness;Cursus;Deeltijd;Extern;Betaald;Geen;0;0;Deze cursus biedt de mogelijkheid om branchediploma's te behalen voor fitnesstrainers. Geen expliciete focus op Data Sciences of AI.;;;
NMR (Nuclear Magnetic Resonance);Cursus;Deeltijd;Extern;Betaald;Data Sciences;1;2;De cursus behandelt de principes en toepassingen van NMR-technieken, gericht op chemische analyse. Data-analyse is een integraal onderdeel.;;;
Nederlands A1 & A2 (avond);Cursus;Deeltijd;Extern;Betaald;Geen;0;0;Deze avondcursus richt zich op het aanleren van basisvaardigheden in de Nederlandse taal. Geen expliciete integratie van Data Sciences of AI.;;;
Nederlands A2 (avond);Cursus;Deeltijd;Extern;Betaald;Geen;0;0;Deze cursus bouwt voort op niveau A1 en verdiept de kennis van de Nederlandse taal. Geen expliciete focus op Data Sciences of AI.;;;
Nederlands B1 (avond);Cursus;Deeltijd;Extern;Betaald;Geen;0;0;Deze cursus richt zich op het verder ontwikkelen van Nederlandse taalvaardigheden tot niveau B1. Geen expliciete integratie van Data Sciences of AI.;;;
Nederlands B2 (avond);Cursus;Deeltijd;Extern;Betaald;Geen;0;0;Deze cursus bereidt voor op het Staatsexamen NT2 programma II, niveau B2. Geen expliciete focus op Data Sciences of AI.;;;
Neurorevalidatie en Samenwerking in de Keten (basis);Post-hbo;Deeltijd;Extern;Betaald;Geen;0;0;Deze cursus richt zich op samenwerking in de keten bij neurorevalidatie, met aandacht voor de nieuwste ontwikkelingen. Geen expliciete integratie van Data Sciences of AI.;;;
Observeren en Begeleiden met ICALT;Cursus;Deeltijd;Extern;Betaald;Geen;0;0;Deze cursus richt zich op het vergroten van observatie- en coachvaardigheden bij het begeleiden van (aanstaande) leraren, zonder expliciete integratie van Data Sciences of AI.;;;
Ondernemerschap & Retail Management;Bachelor;Voltijd;Extern;Regulier;Geen;0;0;De opleiding focust op het opzetten en managen van een eigen bedrijf, zonder expliciete integratie van Data Sciences of AI.;;;
Onderwijsondersteuner Gezondheidszorg en Welzijn;Associate Degree;Deeltijd;Extern;Regulier;Geen;0;0;Deze opleiding is gericht op professionals met ervaring in zorg en welzijn die willen werken in het onderwijs, zonder expliciete integratie van Data Sciences of AI.;;;
Learning & Development in Organisations (Opleidingskunde);Bachelor;Deeltijd;Extern;Regulier;Geen;0;0;De opleiding richt zich op het ontwikkelen van leermethoden en het adviseren van management over leren en ontwikkelen, zonder expliciete integratie van Data Sciences of AI.;;;
Ontwerpen impactstrategie Sport & Bewegen;Cursus;Deeltijd;Extern;Betaald;Geen;0;0;Deze 4-daagse cursus voorziet in kennis en vaardigheden voor het ontwerpen, uitvoeren en evalueren van sport- en beweegprojecten, zonder expliciete integratie van Data Sciences of AI.;;;
Ontwikkelen en Valideren van Analytische Methoden;Module;Deeltijd;Extern;Betaald;Data Sciences;1;2;De module omvat natuurwetenschappelijk onderzoek gericht op kwaliteitsborging en methodeontwikkeling van analytische methoden, waarbij data-analyse een rol speelt.;;;
Op Weg naar Autonoom Rijden;Cursus;Deeltijd;Extern;Betaald;AI;2;2;De cursus behandelt aspecten van autonoom rijden, inclusief technische, sociale, juridische en milieuaspecten, met aandacht voor AI-systemen.;;;
Ergotherapie;Bachelor;Voltijd;Extern;Regulier;Geen;0;0;De opleiding richt zich op het begeleiden van cliënten bij het uitvoeren van dagelijkse activiteiten, zonder expliciete integratie van Data Sciences of AI.;;;
Logopedie;Bachelor;Voltijd;Extern;Regulier;Geen;0;0;De opleiding behandelt de vijf domeinen van logopedie: taal, gehoor, spraak, stem en slikken, zonder expliciete integratie van Data Sciences of AI.;;;
Medewerker Operatieve Zorg;Cursus;Duaal;Extern;Regulier;Geen;0;0;De opleiding leidt op tot operatieassistent of anesthesiemedewerker, met focus op medische, technische en zorggerelateerde vaardigheden, zonder expliciete integratie van Data Sciences of AI.;;;
Middle Management;HBO-programma;Deeltijd;Extern;Betaald;Geen;0;0;De opleiding bestaat uit lesavonden en een training Persoonlijk leiderschap, gericht op het ontwikkelen van managementvaardigheden, zonder expliciete integratie van Data Sciences of AI.;;;
Moderne Bedrijfsadministratie (MBA);HBO-programma;Deeltijd;Extern;Betaald;Data Sciences;1;2;De opleiding richt zich op het opzetten en beheren van administraties, waarbij gebruik wordt gemaakt van geavanceerde software en data-analyse technieken.;;;
Chemie;Bachelor;Voltijd;Extern;Regulier;Data Sciences;1;2;De opleiding omvat het gebruik van geavanceerde software en moderne testtechnieken, waarbij informatietechnologie een steeds grotere rol speelt in het werk van een chemisch analist.;;;
Leraar Basisonderwijs (Pabo);Bachelor;Deeltijd;Extern;Regulier;Geen;0;0;De opleiding richt zich op het opleiden van leraren voor het basisonderwijs, zonder expliciete integratie van Data Sciences of AI.;;;
Operatieassistent/Anesthesiemedewerker (CZO);Bachelor;Duaal;Extern;Regulier;Geen;0;0;De opleiding leidt op tot operatieassistent of anesthesiemedewerker, met focus op medische, technische en zorggerelateerde vaardigheden, zonder expliciete integratie van Data Sciences of AI.;;;
Opscholingstraject Bevoegdheid Groepsleerkracht Vmbo-onderbouw;HBO-programma;Deeltijd;Extern;Gesubsidieerd;Geen;0;0;Deze cursus is bedoeld voor pabo-gediplomeerden die werkzaam zijn in de onderbouw van het vmbo basis-kader en hier nog geen officiële bevoegdheid voor hebben, zonder expliciete integratie van Data Sciences of AI.;;;
PRINCE2® Foundation;Module;Deeltijd;Extern;Betaald;Geen;0;0;Deze module biedt een praktische insteek in projectmanagement volgens de PRINCE2® methode, zonder expliciete integratie van Data Sciences of AI.;;;
Pabo-ALO (dubbele bachelor);Bachelor;Voltijd;Extern;Regulier;Geen;0;0;De opleiding combineert de Pabo en ALO, gericht op het opleiden van leraren in het basisonderwijs en lichamelijke opvoeding, zonder expliciete integratie van Data Sciences of AI.;;;
Leraar Engels;Bachelor;Voltijd;Extern;Regulier;Geen;0;0;De opleiding richt zich op het opleiden van leraren Engels, met aandacht voor taalvaardigheid en didactiek, zonder expliciete integratie van Data Sciences of AI.;;;
Pedagogisch Didactisch Getuigschrift;HBO-programma;Deeltijd;Extern;Betaald;Geen;0;0;De opleiding is bedoeld voor professionals die willen lesgeven in het mbo, met focus op pedagogische en didactische vaardigheden, zonder expliciete integratie van Data Sciences of AI.;;;
Pedagogisch Educatief professional;Associate Degree;Deeltijd;Extern;Regulier;Geen;0;0;De opleiding richt zich op het begeleiden van kinderen van 0 tot 14 jaar in hun ontwikkeling, zonder expliciete integratie van Data Sciences of AI.;;;
Persoonsgerichte Voedingstherapie bij Diabetescomplicaties;Post-hbo;Deeltijd;Extern;Betaald;Geen;0;0;De cursus stelt professionals in staat om patiënten met diabetescomplicaties beter te begeleiden en te ondersteunen bij zelfmanagement, zonder expliciete integratie van Data Sciences of AI.;;;
AA MKB Theorie en Praktijk;Post-hbo;Deeltijd;Extern;Betaald;Geen;0;0;Accountancy opleiding zonder expliciete technologiecomponenten.;;;
AA Oriëntatie Accountancy MKB;Post-hbo;Deeltijd;Extern;Betaald;Geen;0;0;Oriëntatieopleiding op accountancy, geen Data Sciences of AI componenten aanwezig.;;;
Aanbesteden en Inkopen;Post-hbo;Deeltijd;Extern;Betaald;Geen;0;0;Richt zich op juridische en procesmatige aspecten van inkopen en aanbesteden, geen technologiecomponent.;;;
Adviseur Diversiteit en Inclusie;Post-hbo;Deeltijd;Extern;Betaald;Geen;0;0;Focus op sociale en culturele aspecten van inclusie, geen technologie-integratie.;;;
Bedrijfskunde;Post-hbo;Deeltijd;Extern;Betaald;Data Sciences;1;1;Basale integratie van datagebruik en analyse, bijv. dashboards en rapportages.;;;
Computer Articulatie Instrument (CAI);Post-hbo;Deeltijd;Extern;Betaald;AI;2;3;Gebruik van AI voor spraakherkenning en articulatiebeoordeling staat centraal.;;;
Coördinator Rekenen;Post-hbo;Deeltijd;Extern;Betaald;Geen;0;0;Ondersteuning rekenonderwijs zonder technologiecomponent.;;;
Cultuursensitief werken: aan de slag met beschermjassen;Post-hbo;Deeltijd;Extern;Betaald;Geen;0;0;Sociale en psychologische benadering, geen technologie genoemd.;;;
Netwerkleiderschap;Post-hbo;Deeltijd;Extern;Betaald;Geen;0;0;Organisatieontwikkeling en samenwerking zonder technologiecomponent.;;;
Projectmanagement;Post-hbo;Deeltijd;Extern;Betaald;Geen;0;0;Algemene projectmanagementvaardigheden, technologie niet expliciet benoemd.;;;
Strategisch HRM;Post-hbo;Deeltijd;Extern;Betaald;Data Sciences;1;1;Datagebruik voor HR-analyse en personeelsplanning komt impliciet voor.;;;
Taalcoördinator;Post-hbo;Deeltijd;Extern;Betaald;Geen;0;0;"Richt zich op taalbeleid en didactiek; geen technologiecomponent aanwezig.";;;
Vakleraar Bewegingsonderwijs;Post-hbo;Deeltijd;Extern;Betaald;Geen;0;0;"Opleiding tot vakleerkracht bewegingsonderwijs; technologie niet benoemd.";;;
Vakspecialist Muziek;Post-hbo;Deeltijd;Extern;Betaald;Geen;0;0;"Focus op muziekdidactiek en vaardigheden; geen technologiecomponent.";;;
Verandermanagement;Post-hbo;Deeltijd;Extern;Betaald;Data Sciences;1;1;"Gebruik van data-inzichten bij organisatieverandering; niet centraal.";;;
Vastgoedadviseur;Post-hbo;Deeltijd;Extern;Betaald;Geen;0;0;"Richt zich op vastgoedadvies; technologiecomponent niet benoemd.";;;
Leraar Nederlands voor Anderstaligen;Post-hbo;Deeltijd;Extern;Betaald;Geen;0;0;"Opleiding voor NT2-docenten; technologiecomponent niet benoemd.";;;
Plannen in de Zorg;Post-hbo;Deeltijd;Extern;Betaald;Data Sciences;1;1;"Gebruik van planningssoftware en capaciteitsdata; niet structureel.";;;
Power Minor;Cursus;Deeltijd;Extern;Betaald;Data Sciences;1;2;"Behandelt opwekking, transport en distributie van elektrische energie; data-analyse is onderdeel.";;;
Power Quality;Cursus;Deeltijd;Extern;Betaald;Data Sciences;1;2;"Analyse van netspanningskwaliteit; datavergaring en verwerking centraal.";;;
Power Course;Cursus;Deeltijd;Extern;Betaald;Data Sciences;1;2;"Focus op opwekking, transport en distributie van elektrische energie; data-analyse is onderdeel.";;;
Praktijkexamen BOEI;Cursus;Deeltijd;Extern;Betaald;Geen;0;0;"Examen gericht op gebouwinspectie; technologiecomponent niet benoemd.";;;
Praktijkgericht Onderzoek in Zorg en Welzijn;Post-hbo;Deeltijd;Extern;Betaald;Geen;0;0;"Focust op praktijkgericht onderzoek in de zorg; geen expliciete data- of AI-component aanwezig.";;;
Praktisch Leidinggeven in het Laboratorium;Cursus;Deeltijd;Extern;Betaald;Geen;0;0;"Richt zich op leiderschapsvaardigheden in laboratoriumcontext; geen technologiecomponent benoemd.";;;
Precisiefermentatie voor alternatieve eiwitproductie (praktijk);Cursus;Deeltijd;Extern;Gesubsidieerd;Geen;0;1;"Bevat impliciet gebruik van biotechnologie-instrumenten; geen expliciete data- of AI-component.";;;
Verpleegkundige Vervolgopleidingen (premodule);Post-hbo;Deeltijd;Extern;Regulier;Geen;0;0;"Premodule met focus op basiskennis voor verpleegkundige vervolgopleidingen; geen technologie-invulling.";;;
Procesmanagement (basis);Module;Deeltijd;Extern;Betaald;Data Sciences;1;2;Gebruik van procesanalyses en data-inzichten als onderdeel van procesverbetering, o.a. met Excel en BI-tools.;;;
Professional Sport en Voeding;Post-hbo;Deeltijd;Extern;Betaald;Geen;0;1;Bevat gebruik van meetapparatuur en mogelijk dataregistratie, maar technologie is geen leerdoel.;;;
Sport- en Beweeginnovatie;Master;Voltijd;Extern;Regulier;Data Sciences en AI;3;3;"Innovatie door data- en AI-toepassingen in sport, zoals wearables en bewegingsanalyse; zie opleidingspagina.";;;
Projectmanagement IPMA D;Module;Deeltijd;Extern;Betaald;Geen;0;0;"Focus op projectmethodiek volgens IPMA-normen; technologie niet benoemd in het leertraject.";;;
Vaktherapie - Psychomotorische Therapie;Bachelor;Deeltijd;Extern;Regulier;Geen;0;0;Therapeutische opleiding zonder technologische leerdoelen of datagerichte inhoud.;;;
Vaktherapie - Psychomotorische therapie (PMT);Bachelor;Voltijd;Extern;Regulier;Geen;0;0;"Zorgopleiding zonder technologiecomponent; gericht op ervaringsgerichte therapie.";;;
Richtlijnontwikkeling in Vaktherapie;Module;Deeltijd;Extern;Betaald;Geen;0;0;"Richtlijnontwikkeling gebaseerd op vakinhoudelijke expertise; geen data- of AI-gerelateerde onderdelen.";;;
Sales Management;Post-hbo;Deeltijd;Extern;Betaald;Geen;0;0;Commerciële vaardigheden en verkoopstrategieën zonder focus op data- of AI-toepassingen.;;;
Sales voor Laboratoriumanalisten;Cursus;Deeltijd;Extern;Betaald;Geen;0;0;"Richt zich op communicatie en verkoopvaardigheden; geen technologiecomponent aanwezig.";;;
Samenlevingsopbouw: Samenwerken aan Sociale Kwaliteit;Post-hbo;Deeltijd;Extern;Betaald;Geen;0;0;"Focus op sociale processen en samenwerking; geen gebruik van data of AI benoemd.";;;
Samenlevingsopbouw: Theorie van Sociale Kwaliteit;Post-hbo;Deeltijd;Extern;Betaald;Geen;0;0;"Theoretische verdieping in sociale structuren; technologie is niet aanwezig in het leerplan.";;;
Schakelprogramma AA;Post-hbo;Deeltijd;Extern;Regulier;Data Sciences;1;2;Bevat onderdelen over data-analyse en financiële rapportages ter voorbereiding op de AA-opleiding.;;;
Accountancy en Controlling (schakeltraject);Post-hbo;Deeltijd;Extern;Regulier;Data Sciences;1;2;Data- en rapportagetools komen aan bod binnen het domein van financieel management.;;;
Semiconductor Packaging;Cursus;Deeltijd;Extern;Gesubsidieerd;Geen;0;1;Bevat impliciet gebruik van technologische processen, maar geen focus op data of AI.;;;
Slikproblemen, Ondervoeding en Mondgezondheid bij Ouderen;Post-hbo;Deeltijd;Extern;Regulier;Geen;0;0;Medisch en zorggericht onderwijs zonder technologiecomponent of datatoepassing.;;;
Sociaal Financiële Dienstverlening;Associate Degree;Voltijd;Extern;Regulier;Data Sciences;1;2;Data-analyse van klantgegevens en financiële systemen komt aan bod in het curriculum.;;;
Social Work;Bachelor;Deeltijd;Extern;Regulier;Geen;0;0;"Focus op hulpverlening en maatschappelijke ondersteuning; technologie is niet geïntegreerd.";;;
Social Work;Bachelor;Voltijd;Extern;Regulier;Geen;0;0;"Focus op sociale interventie en welzijnswerk; geen aandacht voor data of AI.";;;
Specialisatie Manuele Therapie;Module;Deeltijd;Extern;Betaald;Geen;0;0;"Richt zich op specialistische fysiotherapeutische technieken; geen technologiecomponent.";;;
Specialisatie Orofaciale Fysiotherapie;Module;Deeltijd;Extern;Betaald;Geen;0;0;Specifieke fysiotherapeutische scholing, zonder technologie- of datagerelateerde inhoud.;;;
Specialisatie Sportfysiotherapie;Module;Deeltijd;Extern;Betaald;Geen;0;1;"Gebruik van meetinstrumenten en observatietools in sportcontext; technologie niet centraal.";;;
Sport - Ondernemende Leefstijlcoach;Associate Degree;Deeltijd;Extern;Regulier;Geen;0;1;Leefstijlmonitoring mogelijk via tools of apps, maar niet als hoofdonderwerp.;;;
Sportkliminstructeur (SKI3-IT);Cursus;Deeltijd;Extern;Betaald;Geen;0;0;Praktijkgerichte sportopleiding zonder technologische component.;;;
Sportkunde;Bachelor;Voltijd;Extern;Regulier;Data Sciences;1;2;Gebruik van data-analyse en monitoring in sportonderzoek en prestatieverbetering.;;;
Sportkunde;Bachelor;Deeltijd;Extern;Regulier;Data Sciences;1;2;Eveneens gericht op datagedreven evaluatie van beweeggedrag en sportactiviteiten.;;;
Sportpsychologie en Mentale Training A;Cursus;Deeltijd;Extern;Betaald;Geen;0;0;Mentale training en gedragswetenschappen zonder focus op technologie of data.;;;
Sportpsychologie en Mentale training B;Cursus;Deeltijd;Extern;Betaald;Geen;0;0;"Vervolg op mentale training; geen technologische component aanwezig.";;;
Strategisch Management;Module;Deeltijd;Extern;Betaald;Data Sciences;1;2;Gebruik van dashboards, KPI’s en data-inzichten voor strategische besluitvorming.;;;
Synthetiseren en Karakteriseren van Moleculen;Module;Deeltijd;Extern;Gesubsidieerd;Geen;0;1;Bevat instrumentele analyse en meetdata, maar technologie is geen leerdoel op zich.;;;
Systeemgericht Werken in de Praktijk;Post-hbo;Deeltijd;Extern;Betaald;Geen;0;0;"Opleiding gericht op systemisch werken in hulpverlening; geen technologische component.";;;
Taalcoach Duits;Cursus;Deeltijd;Extern;Betaald;Geen;0;0;Taalgerichte didactiek zonder technologie of dataverwerking.;;;
Taalcoach Engels;Cursus;Deeltijd;Extern;Betaald;Geen;0;0;"Richt zich op taalbegeleiding; technologie komt niet aan bod.";;;
Duits B1 & B2;Cursus;Deeltijd;Extern;Betaald;Geen;0;0;Taalvaardigheidscursus, zonder technologische inhoud.;;;
Engels B2;Cursus;Deeltijd;Extern;Betaald;Geen;0;0;Verdieping in taalvaardigheid zonder inzet van data of AI.;;;
Engels: Cambridge Advanced C1;Cursus;Deeltijd;Extern;Betaald;Geen;0;0;"Gericht op examenvoorbereiding Cambridge English; geen technologieverweving.";;;
Taalschakeltraject;Hbo-programma;Voltijd;Extern;Regulier;Geen;0;0;"Voorbereidingsprogramma voor instroom; geen technologiecomponent aanwezig.";;;
Talentherkenning in Sport;Cursus;Deeltijd;Extern;Betaald;Data Sciences;1;2;Gebruik van meetinstrumenten, data en observaties voor identificatie van talent.;;;
Talentontwikkeling in Sport;Cursus;Deeltijd;Extern;Betaald;Data Sciences;1;2;Gericht op het analyseren van sportprestaties met data-inzichten.;;;
Teamcoaching;Post-hbo;Deeltijd;Extern;Betaald;Geen;0;0;"Focus op groepsdynamiek en begeleiding; geen expliciete technologiecomponent.";;;
Technische Bedrijfskunde;Associate Degree;Deeltijd;Extern;Regulier;Data Sciences;1;2;Analyse van bedrijfsprocessen en gebruik van data en KPIs is onderdeel van curriculum.;;;
Terugkomdag Eet- en Drinkproblemen bij Kinderen;Post-hbo;Deeltijd;Extern;Betaald;Geen;0;0;"Nascholingsdag rond klinische observatie en zorg; geen technologie-inzet.";;;
Thuisbegeleiding;Post-hbo;Deeltijd;Extern;Betaald;Geen;0;0;"Praktische ondersteuning in thuissituatie; geen data of technologie in leerdoelen.";;;
Toegepaste Psychologie;Bachelor;Voltijd;Extern;Regulier;Geen;0;1;Inzet van observatiesoftware en eventueel meetinstrumenten, maar technologie niet centraal.;;;
Toekomstbestendig Bouwen;Post-hbo;Deeltijd;Extern;Gesubsidieerd;Data Sciences;1;2;Gebruik van data-analyse voor duurzame bouwoplossingen en monitoring van prestaties.;;;
Toekomstbestendig Retailmanagement & Leiderschap;Hbo-programma;Deeltijd;Extern;Regulier;Data Sciences;1;2;Data-inzichten en digitalisering spelen een rol in toekomstgericht retailmanagement.;;;
Trainen en Coachen;Module;Deeltijd;Extern;Betaald;Geen;0;0;"Opleiding in begeleidingsvaardigheden; technologie speelt geen rol.";;;
Transformatoren;Cursus;Deeltijd;Extern;Gesubsidieerd;Geen;0;1;Bevat technische componenten en meetapparatuur, maar geen data- of AI-verweving.;;;
Vaktherapie - Schakelmodule;Module;Deeltijd;Extern;Regulier;Geen;0;0;"Voorbereidend traject; geen technologie genoemd in inhoud of leerdoelen.";;;
Vakverdieping Beeldende Therapie;Module;Deeltijd;Extern;Regulier;Geen;0;0;Therapeutische verdieping zonder inzet van technologische middelen.;;;
Vakverdieping Dramatherapie;Module;Deeltijd;Extern;Regulier;Geen;0;0;Creatieve therapie, niet gericht op digitalisering of data-analyse.;;;
Vakverdieping Muziektherapie;Module;Deeltijd;Extern;Regulier;Geen;0;0;"Richt zich op ervaringsgerichte muziektherapie; technologie speelt geen rol.";;;
Vakverdieping Psychomotorische Therapie;Module;Deeltijd;Extern;Regulier;Geen;0;0;"Therapeutische verdieping; geen gebruik van data of technologie als leerdoel.";;;
Van Data naar Actie: interventies in sport en onderwijs;Cursus;Deeltijd;Extern;Gesubsidieerd;Data Sciences;1;3;"Data-analyse vormt basis voor gerichte interventies in sport en onderwijs; centrale component.";;;
Vastgoedinspecteur;Post-hbo;Deeltijd;Extern;Betaald;Data Sciences;1;2;Gebruik van inspectietools, rapportages en data-inzichten bij vastgoedinspectie.;;;
Verandermanagement (basis);Module;Deeltijd;Extern;Betaald;Geen;0;1;Soms gebruik van dashboards of analyses, maar niet structureel of centraal thema.;;;
Virologie;Cursus;Deeltijd;Extern;Gesubsidieerd;Geen;0;1;"Wetenschappelijke basiskennis over virussen; inzet van technologie mogelijk maar niet expliciet.";;;
Vitaal en Veerkrachtig aan het Werk;Cursus;Deeltijd;Extern;Betaald;Geen;0;0;"Richt zich op werkgeluk en gezondheid; geen technologie-element aanwezig.";;;
Voeding en Diëtetiek;Bachelor;Voltijd;Extern;Regulier;Geen;0;1;Gebruik van meetinstrumenten en apps voor voedingsmonitoring, maar geen centraal thema.;;;
Voeding en Diabetes (basis);Post-hbo;Deeltijd;Extern;Regulier;Geen;0;1;"Praktische toepassingen rondom bloedsuikermetingen; technologie niet expliciet als leerdoel.";;;
Voeding en Nierziekten;Post-hbo;Deeltijd;Extern;Regulier;Geen;0;1;"Monitoring van voedingstoestand via labwaarden; technologie impliciet aanwezig.";;;
Voedings- en Beweegcoach;Hbo-programma;Deeltijd;Extern;Regulier;Data Sciences;1;2;Gebruik van apps en data-analyse om beweeg- en voedingsgedrag te monitoren en begeleiden.;;;
Voetbalcoach 1 Pupillen;Cursus;Deeltijd;Extern;Betaald;Geen;0;0;Praktijkgerichte sportopleiding zonder data- of AI-component.;;;
Voetbalcoach 2 Jeugd;Cursus;Deeltijd;Extern;Betaald;Geen;0;0;"Praktijkgerichte sportopleiding gericht op coaching; geen data- of AI-component.";;;
Voetbalcoach 3 Jeugd;Cursus;Deeltijd;Extern;Betaald;Geen;0;0;"Richt zich op tactiek en begeleiding van jeugdteams; technologie speelt geen rol.";;;
Molecular Life Sciences;Master;Voltijd;Extern;Regulier;Data Sciences;1;2;"Gebruik van bio-informatica, datasystemen en laboratoriumtechnologie; technologie expliciet maar niet centraal.";;;
Voorbereidende cursus Natuurkunde;Cursus;Deeltijd;Extern;Betaald;Geen;0;0;"Basiskennis natuurkunde ter voorbereiding op hbo; geen inzet van data of AI.";;;
Voorbereidende cursus Wiskunde;Cursus;Deeltijd;Extern;Betaald;Geen;0;0;"Voorbereiding op wiskundige basisvaardigheden; technologie niet benoemd.";;;
Voorbereidende cursussen technische hbo-opleiding;Cursus;Deeltijd;Extern;Betaald;Geen;0;0;"Algemene voorbereiding op technische vakken; geen specifieke techcomponent aanwezig.";;;
WATTS;Cursus;Deeltijd;Extern;Gesubsidieerd;Data Sciences;1;2;Inhoudelijke koppeling aan energietransitie en datagestuurde analyse binnen duurzaamheidsthema’s.;;;
Waterstof;Cursus;Deeltijd;Extern;Gesubsidieerd;Geen;0;1;"Technische kennis over waterstoftoepassingen; data-analyse niet benoemd, technologie impliciet.";;;
Weefselkweek bij Planten;Cursus;Deeltijd;Extern;Gesubsidieerd;Geen;0;1;"Gebruik van laboratoriumtechnieken; technologie impliciet aanwezig, geen datacomponent.";;;
Werktuigbouwkunde;Associate Degree;Deeltijd;Extern;Regulier;Data Sciences;1;2;Bevat onderdelen over datagestuurde monitoring en technische analyse in processen.;;;
Werktuigbouwkunde;Bachelor;Voltijd;Extern;Regulier;Data Sciences;1;2;"Integreert engineering met dataverwerking in ontwerpprocessen; technologie is expliciet aanwezig.";;;
;;;;;;TRUE;;;;;
